"Timestamp","NAME :","REGISTRATION NUMBER :","The most Preferred town/City (for  attachment):","Phone Number"
"2022/02/09 12:02:47 pm GMT+3","Ocharo Dennis Arisa","IN16/00030/18","Nairobi","0748729834"
"2022/02/09 12:03:37 pm GMT+3","Caroline Cherop","In16/00025/18","Eldoret","0713915129"
"2022/02/09 12:06:06 pm GMT+3","Brian Ngatia","IN16/00004/18","Nyeri","0705309169"
"2022/02/09 12:06:30 pm GMT+3","STEPHEN KARIUKI","IN16/00007/18","NAIROBI","0791847358"
"2022/02/09 12:08:52 pm GMT+3","Evans Kosgei","IN16/00026/18","Nairobi","0725132825"
"2022/02/09 12:10:08 pm GMT+3","MARVIN NYARANGA ","IN16/00013/18","NAIROBI","0728151339 "
"2022/02/09 12:23:27 pm GMT+3","GLORY AKINYI OKOTH","IN16/00032/18","NAIROBI","0720245837"
"2022/02/09 12:23:55 pm GMT+3","Julius Mutinda","IN16/00008/18","Nairobi","0741722160"
"2022/02/09 12:26:01 pm GMT+3","Hussein Mohamed","IN16/00015/18","Isiolo ","0742411393"
"2022/02/09 12:42:49 pm GMT+3","Alexia Joseph Fauzia","IN16/00014/18","Nairobi","0798473257"
"2022/02/09 12:54:54 pm GMT+3","ORINA ALLAN NYANDIKA","IN16/00021/18","NAKURU","0746901175"
"2022/02/09 12:57:24 pm GMT+3","Collin Kasyoki","IN16/00012/18","Meru","0791287593"
"2022/02/09 1:09:38 pm GMT+3","Wachuka Peter","In16/00022/18","Kisii","+254711286721"
"2022/02/09 2:06:35 pm GMT+3","DONALD ONSERIO NYABUTO","IN16/00031/18","Nairobi","0796976802"
"2022/02/09 2:08:31 pm GMT+3","Joseph Nzoka Paul","IN16/00009/18","Nairobi","0746186990"
"2022/02/09 2:33:36 pm GMT+3","Antony Kariuki Karume ","IN16/00006/18","Nairobi ","0713204864"
"2022/02/09 2:34:40 pm GMT+3","Peter Kariuki Kamau","IN16/00003/18","Nairobi","0721750739"
"2022/02/09 2:52:17 pm GMT+3","ABDIWAHAB ADAN ISMAIL ","IN16/00033/18","GARISSA","0729571570"
"2022/02/09 3:10:37 pm GMT+3","Martin hayo","IN16/00029/18","Kisumu","0717378362"
"2022/02/09 4:39:59 pm GMT+3","Ndung'u Eric Chumama","IN16/00010/18","Muranga","0740839121"
"2022/02/09 4:51:38 pm GMT+3","David Muriithi Mwangi","IN16/00002/18","Nakuru","0728495309"
"2022/02/09 6:52:00 pm GMT+3","George Kimari ","IN16/00005/18","Nyeri","0795700495"
"2022/02/09 9:51:22 pm GMT+3","TONNY KAMAU MWANGI","IN16/00019/18","Nairobi","0798428931"
"2022/02/10 9:49:01 am GMT+3","Rotich Kipngeno Rooney","IN16/00020/18","Eldoret","0728579373"
"2022/02/10 1:01:51 pm GMT+3","COLLINS OMONDI","IN16/00016/18","KISUMU","0700306290"
"2022/02/10 1:47:50 pm GMT+3","Kiprotich Rono","IN16/00017/18 ","Kisii","0724402804"
"2022/02/10 1:47:55 pm GMT+3","Ezra Kipruto serem","IN16/00035/18","Kisii","0704084089"
"2022/02/10 2:04:14 pm GMT+3","Silomalo Joseph","IN16/00028/18","Eldoret","0715493752"